{
    "CurCompileModules": [
        "...MASTER...",
        "std",
        "FM25Q08A",
        "Program",
        "Read",
        "Memory",
        "StatusRegister1",
        "StatusRegister2",
        "SecuritySectors",
        "CUIdecoder",
        "UtilFunctions",
        "LockManager",
        "Testbench",
        "StimTasks",
        "ClockGenerator",
        "Stimuli",
        "Stimuli"
    ],
    "CompileProcesses": [
        "cgproc.21417.json"
    ],
    "cycles_program_begin": 21966851079174622,
    "PEModules": [],
    "perf": [
        [
            0.12475395202636719,
            0.030502000000000001,
            0.026121999999999999,
            226136,
            226936,
            1588004360.034683,
            21966851410700698,
            "doParsingAndDesignResolution",
            "entry"
        ],
        [
            0.19221997261047363,
            0.093887999999999999,
            0.030168,
            229256,
            229904,
            1588004360.102149,
            21966851619865490,
            "doParsingAndDesignResolution",
            "exit"
        ],
        [
            0.19363689422607422,
            0.095306000000000002,
            0.030168,
            229256,
            229904,
            1588004360.1035659,
            21966851624212742,
            "doPostDesignResolutionToVir2Vcs",
            "entry"
        ],
        [
            0.21946597099304199,
            0.12113500000000001,
            0.030168,
            230288,
            230292,
            1588004360.129395,
            21966851704297648,
            "doUptoVir2VcsNoSepCleanup",
            "entry"
        ],
        [
            0.3380589485168457,
            0.236042,
            0.033006000000000001,
            233272,
            245628,
            1588004360.247988,
            21966852071945598,
            "doUptoVir2VcsNoSepCleanup",
            "exit"
        ],
        [
            0.33812999725341797,
            0.23610600000000001,
            0.033014000000000002,
            233272,
            245628,
            1588004360.248059,
            21966852072113556,
            "doRadify_vir2vcsAll",
            "entry"
        ],
        [
            0.35189485549926758,
            0.249782,
            0.033103,
            234848,
            245628,
            1588004360.2618239,
            21966852114850380,
            "doRadify_vir2vcsAll",
            "exit"
        ],
        [
            0.35194587707519531,
            0.249782,
            0.033154000000000003,
            234848,
            245628,
            1588004360.2618749,
            21966852114938272,
            "doPostDesignResolutionToVir2Vcs",
            "exit"
        ],
        [
            0.35197591781616211,
            0.249782,
            0.033184999999999999,
            234848,
            245628,
            1588004360.261905,
            21966852115028704,
            "doGAToPass2",
            "entry"
        ],
        [
            0.37629199028015137,
            0.25177899999999998,
            0.034105000000000003,
            233032,
            245628,
            1588004360.286221,
            21966852190426246,
            "DoPass2",
            "entry"
        ],
        [
            0.47776603698730469,
            0.33996799999999999,
            0.045128000000000001,
            238340,
            245628,
            1588004360.3876951,
            21966852505001474,
            "DoPass2",
            "exit"
        ]
    ],
    "MlibObjs": {},
    "CompileStrategy": "fullobj",
    "PrevCompiledModules": {
        "std": {
            "reYIK_d": {
                "bytes": 33820,
                "out": "reYIK_d.o",
                "mod": "std",
                "mode": 4,
                "checksum": 0,
                "archive": "archive.4/_prev_archive_1.a"
            }
        },
        "LockManager": {
            "y4gzn_d": {
                "bytes": 25532,
                "out": "y4gzn_d.o",
                "mod": "LockManager",
                "mode": 4,
                "checksum": 0,
                "archive": "archive.4/_prev_archive_1.a"
            }
        },
        "...MASTER...": {
            "amcQw_d": {
                "bytes": 7684,
                "out": "objs/amcQw_d.o",
                "mod": "...MASTER...",
                "mode": 4,
                "checksum": 0
            }
        },
        "Read": {
            "ZwmA6_d": {
                "bytes": 243546,
                "out": "ZwmA6_d.o",
                "mod": "Read",
                "mode": 4,
                "checksum": 0,
                "archive": "archive.4/_prev_archive_1.a"
            }
        },
        "ClockGenerator": {
            "PF3UL_d": {
                "bytes": 8536,
                "out": "PF3UL_d.o",
                "mod": "ClockGenerator",
                "mode": 4,
                "checksum": 0,
                "archive": "archive.4/_prev_archive_1.a"
            }
        },
        "CUIdecoder": {
            "rfDph_d": {
                "bytes": 60884,
                "out": "rfDph_d.o",
                "mod": "CUIdecoder",
                "mode": 4,
                "checksum": 0,
                "archive": "archive.4/_prev_archive_1.a"
            }
        },
        "Stimuli": {
            "wdNLp_d": {
                "bytes": 15448,
                "out": "wdNLp_d.o",
                "mod": "Stimuli",
                "mode": 4,
                "checksum": 0,
                "archive": "archive.4/_21417_archive_1.a"
            }
        },
        "Memory": {
            "f0K8C_d": {
                "bytes": 27294,
                "out": "f0K8C_d.o",
                "mod": "Memory",
                "mode": 4,
                "checksum": 0,
                "archive": "archive.4/_prev_archive_1.a"
            }
        },
        "StatusRegister2": {
            "w26Lk_d": {
                "bytes": 23590,
                "out": "w26Lk_d.o",
                "mod": "StatusRegister2",
                "mode": 4,
                "checksum": 0,
                "archive": "archive.4/_prev_archive_1.a"
            }
        },
        "StatusRegister1": {
            "x6zwD_d": {
                "bytes": 32460,
                "out": "x6zwD_d.o",
                "mod": "StatusRegister1",
                "mode": 4,
                "checksum": 0,
                "archive": "archive.4/_prev_archive_1.a"
            }
        },
        "SecuritySectors": {
            "Exep8_d": {
                "bytes": 18758,
                "out": "Exep8_d.o",
                "mod": "SecuritySectors",
                "mode": 4,
                "checksum": 0,
                "archive": "archive.4/_prev_archive_1.a"
            }
        },
        "Program": {
            "DbPB7_d": {
                "bytes": 137412,
                "out": "DbPB7_d.o",
                "mod": "Program",
                "mode": 4,
                "checksum": 0,
                "archive": "archive.4/_prev_archive_1.a"
            }
        },
        "UtilFunctions": {
            "FfcvD_d": {
                "bytes": 34010,
                "out": "FfcvD_d.o",
                "mod": "UtilFunctions",
                "mode": 4,
                "checksum": 0,
                "archive": "archive.4/_prev_archive_1.a"
            }
        },
        "StimTasks": {
            "qWs9n_d": {
                "bytes": 41570,
                "out": "qWs9n_d.o",
                "mod": "StimTasks",
                "mode": 4,
                "checksum": 0,
                "archive": "archive.4/_prev_archive_1.a"
            }
        },
        "FM25Q08A": {
            "tHMh2_d": {
                "bytes": 199508,
                "out": "tHMh2_d.o",
                "mod": "FM25Q08A",
                "mode": 4,
                "checksum": 0,
                "archive": "archive.4/_prev_archive_1.a"
            }
        },