{
    "cycles_program_begin": 41513616187951772,
    "MlibObjs": {},
    "perf": [
        [
            0.1262969970703125,
            0.036609999999999997,
            0.022373000000000001,
            226020,
            226820,
            1594309998.974462,
            41513616521131572,
            "doParsingAndDesignResolution",
            "entry"
        ],
        [
            0.13016200065612793,
            0.038519999999999999,
            0.024327999999999999,
            226800,
            227448,
            1594309998.978327,
            41513616533092900,
            "doParsingAndDesignResolution",
            "exit"
        ],
        [
            0.13033604621887207,
            0.038626000000000001,
            0.024395,
            226800,
            227448,
            1594309998.9785011,
            41513616533603030,
            "doPostDesignResolutionToVir2Vcs",
            "entry"
        ],
        [
            0.1321718692779541,
            0.038760999999999997,
            0.026092000000000001,
            227944,
            227948,
            1594309998.9803369,
            41513616539323844,
            "doUptoVir2VcsNoSepCleanup",
            "entry"
        ],
        [
            0.15942192077636719,
            0.044835,
            0.031587999999999998,
            229068,
            241424,
            1594309999.007587,
            41513616623788636,
            "doUptoVir2VcsNoSepCleanup",
            "exit"
        ],
        [
            0.15948295593261719,
            0.044871000000000001,
            0.031613000000000002,
            229068,
            241424,
            1594309999.007648,
            41513616623945462,
            "doRadify_vir2vcsAll",
            "entry"
        ],
        [
            0.16158795356750488,
            0.046948999999999998,
            0.031639,
            229068,
            241424,
            1594309999.009753,
            41513616630532582,
            "doRadify_vir2vcsAll",
            "exit"
        ],
        [
            0.16163492202758789,
            0.046977999999999999,
            0.031659,
            229068,
            241424,
            1594309999.0098,
            41513616630647108,
            "doPostDesignResolutionToVir2Vcs",
            "exit"
        ],
        [
            0.16166996955871582,
            0.046998999999999999,
            0.031673,
            229068,
            241424,
            1594309999.009835,
            41513616630804272,
            "doGAToPass2",
            "entry"
        ],
        [
            0.18596506118774414,
            0.046998999999999999,
            0.033151,
            227512,
            241424,
            1594309999.0341301,
            41513616706068686,
            "DoPass2",
            "entry"
        ],
        [
            0.2026360034942627,
            0.058014999999999997,
            0.036641,
            233040,
            241424,
            1594309999.050801,
            41513616757750258,
            "DoPass2",
            "exit"
        ]
    ],
    "LVLData": [
        "SIM"
    ],
    "CompileProcesses": [
        "cgproc.13690.json"
    ],
    "PrevCompiledModules": {
        "...MASTER...": {
            "amcQw_d": {
                "mod": "...MASTER...",
                "bytes": 7486,
                "mode": 4,
                "out": "objs/amcQw_d.o",
                "checksum": 0
            }
        },
        "crc4_tb": {
            "IiI8P_d": {
                "mod": "crc4_tb",
                "bytes": 19906,
                "checksum": 0,
                "out": "IiI8P_d.o",
                "mode": 4,
                "archive": "archive.27/_13690_archive_1.a"
            }
        }
    },
    "cpu_cycles_pass2_start": 41513616706103056,
    "PEModules": [],
    "NameTable": {
        "crc4_tb": [
            "crc4_tb",
            "IiI8P",
            "module",
            1
        ],
        "...MASTER...": [
            "SIM",
            "amcQw",
            "module",
            2
        ]
    },
    "CompileStrategy": "fullobj",
    "stat": {
        "ru_self_cgstart": {
            "ru_utime_sec": 0.046998999999999999,
            "ru_stime_sec": 0.033209000000000002,
            "ru_nvcsw": 30,
            "ru_maxrss_kb": 68384,
            "ru_nivcsw": 5,
            "ru_minflt": 22855,
            "ru_majflt": 0
        },
        "cpu_cycles_end": 41513616766165604,
        "ru_childs_cgstart": {
            "ru_utime_sec": 0.019345000000000001,
            "ru_stime_sec": 0.019064000000000001,
            "ru_nvcsw": 28,
            "ru_maxrss_kb": 22040,
            "ru_nivcsw": 22,
            "ru_minflt": 10501,
            "ru_majflt": 0
        },
        "cpu_cycles_total": 578213832,
        "cpu_cycles_cgstart": 41513616706166296,
        "nQuads": 515,
        "nMops": 1225,
        "totalObjSize": 123364,
        "ru_childs_end": {
            "ru_utime_sec": 0.020423,
            "ru_stime_sec": 0.020143000000000001,
            "ru_nvcsw": 29,
            "ru_maxrss_kb": 22416,
            "ru_nivcsw": 24,
            "ru_minflt": 11086,
            "ru_majflt": 0
        },
        "ru_self_end": {
            "ru_utime_sec": 0.059859999999999997,
            "ru_stime_sec": 0.037539000000000003,
            "ru_nvcsw": 31,
            "ru_maxrss_kb": 74608,
            "ru_nivcsw": 6,
            "ru_minflt": 25322,
            "ru_majflt": 0
        },
        "CodeGen(%)": 21.485131974607416,
        "mopSpeed": 95249.203016872736,
        "quadSpeed": 40043.542492807719,
        "peak_mem_kb": 241424,
        "Frontend(%)": 78.514868025392573,
        "mop/quad": 2.378640776699029,
        "outputSizePerQuad": 239.54174757281552
    },
    "CurCompileUdps": {},
    "SIMBData": {
        "out": "amcQwB.o",
        "bytes": 102306,
        "archive": "archive.27/_13690_archive_1.a"
    },
    "Misc": {
        "master_pid": 13690,
        "VCS_HOME": "/root/synopsys/vcs-mx/N-2017.12-SP2",
        "default_output_dir": "csrc",
        "cwd": "/home/stu02/project/JH_CRC",
        "csrc": "csrc",
        "csrc_abs": "/home/stu02/project/JH_CRC/csrc",
        "daidir_abs": "/home/stu02/project/JH_CRC/simv.daidir",
        "archive_dir": "archive.27",
        "daidir": "simv.daidir"
    },
    "CurCompileModules": [
        "...MASTER...",
        "crc4_tb",
        "crc4_tb"
    ],
    "rlimit": {
        "data": -1,
        "stack": -1
    },
    "CompileStatus": "Successful"
}