{
    "PEModules": [],
    "cycles_program_begin": 35545216342516848,
    "MlibObjs": {},
    "perf": [
        [
            0.12585592269897461,
            0.026768,
            0.030551999999999999,
            226012,
            226812,
            1592384637.7838869,
            35545216675319096,
            "doParsingAndDesignResolution",
            "entry"
        ],
        [
            0.13042902946472168,
            0.028882999999999999,
            0.033008999999999997,
            226820,
            227468,
            1592384637.78846,
            35545216689480964,
            "doParsingAndDesignResolution",
            "exit"
        ],
        [
            0.13059306144714355,
            0.02896,
            0.033097000000000001,
            226820,
            227468,
            1592384637.788624,
            35545216689965110,
            "doPostDesignResolutionToVir2Vcs",
            "entry"
        ],
        [
            0.13275504112243652,
            0.031023999999999999,
            0.033189999999999997,
            228000,
            228004,
            1592384637.790786,
            35545216696675464,
            "doUptoVir2VcsNoSepCleanup",
            "entry"
        ],
        [
            0.16331696510314941,
            0.039393999999999998,
            0.039393999999999998,
            229612,
            241968,
            1592384637.821348,
            35545216791422776,
            "doUptoVir2VcsNoSepCleanup",
            "exit"
        ],
        [
            0.16337394714355469,
            0.039423,
            0.039423,
            229612,
            241968,
            1592384637.8214049,
            35545216791570942,
            "doRadify_vir2vcsAll",
            "entry"
        ],
        [
            0.16529107093811035,
            0.040381,
            0.040381,
            229804,
            241968,
            1592384637.8233221,
            35545216797539544,
            "doRadify_vir2vcsAll",
            "exit"
        ],
        [
            0.16532492637634277,
            0.040398999999999997,
            0.040398999999999997,
            229804,
            241968,
            1592384637.8233559,
            35545216797617132,
            "doPostDesignResolutionToVir2Vcs",
            "exit"
        ],
        [
            0.16534996032714844,
            0.040411000000000002,
            0.040411000000000002,
            229804,
            241968,
            1592384637.8233809,
            35545216797689174,
            "doGAToPass2",
            "entry"
        ],
        [
            0.18852496147155762,
            0.040515000000000002,
            0.041554000000000001,
            228248,
            241968,
            1592384637.8465559,
            35545216869561644,
            "DoPass2",
            "entry"
        ],
        [
            0.20760703086853027,
            0.057333000000000002,
            0.041599999999999998,
            234004,
            241968,
            1592384637.865638,
            35545216928706590,
            "DoPass2",
            "exit"
        ]
    ],
    "PrevCompiledModules": {
        "eMMC_Socket_tb": {
            "Trif0_d": {
                "checksum": 0,
                "bytes": 28468,
                "mod": "eMMC_Socket_tb",
                "archive": "archive.40/_6284_archive_1.a",
                "out": "Trif0_d.o",
                "mode": 4
            }
        },
        "...MASTER...": {
            "amcQw_d": {
                "checksum": 0,
                "bytes": 7494,
                "mod": "...MASTER...",
                "mode": 4,
                "out": "objs/amcQw_d.o"
            }
        }
    },
    "NameTable": {
        "eMMC_Socket_tb": [
            "eMMC_Socket_tb",
            "Trif0",
            "module",
            4
        ],
        "...MASTER...": [
            "SIM",
            "amcQw",
            "module",
            2
        ]
    },
    "cpu_cycles_pass2_start": 35545216869574056,
    "CompileStrategy": "fullobj",
    "CurCompileUdps": {},
    "CompileStatus": "Successful",
    "stat": {
        "totalObjSize": 132018,
        "ru_self_cgstart": {
            "ru_utime_sec": 0.040541000000000001,
            "ru_majflt": 0,
            "ru_stime_sec": 0.041581,
            "ru_maxrss_kb": 70168,
            "ru_minflt": 23375,
            "ru_nvcsw": 30,
            "ru_nivcsw": 7
        },
        "ru_childs_cgstart": {
            "ru_utime_sec": 0.016249,
            "ru_majflt": 0,
            "ru_stime_sec": 0.022023000000000001,
            "ru_maxrss_kb": 22788,
            "ru_minflt": 10503,
            "ru_nvcsw": 25,
            "ru_nivcsw": 22
        },
        "nMops": 2160,
        "nQuads": 703,
        "outputSizePerQuad": 187.79231863442391,
        "CodeGen(%)": 32.262322472848787,
        "cpu_cycles_cgstart": 35545216869642948,
        "ru_childs_end": {
            "ru_utime_sec": 0.0166,
            "ru_majflt": 0,
            "ru_stime_sec": 0.023879999999999998,
            "ru_maxrss_kb": 23164,
            "ru_minflt": 11088,
            "ru_nvcsw": 26,
            "ru_nivcsw": 24
        },
        "ru_self_end": {
            "ru_utime_sec": 0.05985,
            "ru_majflt": 0,
            "ru_stime_sec": 0.041599999999999998,
            "ru_maxrss_kb": 76788,
            "ru_minflt": 25990,
            "ru_nvcsw": 31,
            "ru_nivcsw": 8
        },
        "Frontend(%)": 67.737677527151206,
        "cpu_cycles_end": 35545216936434452,
        "cpu_cycles_total": 593917604,
        "mopSpeed": 111864.93345072246,
        "quadSpeed": 36407.892692526802,
        "mop/quad": 3.0725462304409672,
        "peak_mem_kb": 241968
    },
    "SIMBData": {
        "archive": "archive.40/_6284_archive_1.a",
        "out": "amcQwB.o",
        "bytes": 102714
    },
    "CurCompileModules": [
        "...MASTER...",
        "eMMC_Socket_tb",
        "eMMC_Socket_tb"
    ],
    "LVLData": [
        "SIM"
    ],
    "CompileProcesses": [
        "cgproc.6284.json"
    ],
    "Misc": {
        "archive_dir": "archive.40",
        "master_pid": 6284,
        "daidir": "simv.daidir",
        "default_output_dir": "csrc",
        "VCS_HOME": "/root/synopsys/vcs-mx/N-2017.12-SP2",
        "cwd": "/home/stu02/project/eMMC",
        "csrc": "csrc",
        "daidir_abs": "/home/stu02/project/eMMC/simv.daidir",
        "csrc_abs": "/home/stu02/project/eMMC/csrc"
    },
    "rlimit": {
        "data": -1,
        "stack": -1
    }
}