{
    "CompileStatus": "Successful",
    "cycles_program_begin": 35809095686258512,
    "perf": [
        [
            0.14129805564880371,
            0.037984999999999998,
            0.019991999999999999,
            226012,
            226812,
            1592469763.2938321,
            35809096069068596,
            "doParsingAndDesignResolution",
            "entry"
        ],
        [
            0.1460120677947998,
            0.040799000000000002,
            0.021891999999999998,
            226820,
            227468,
            1592469763.2985461,
            35809096083622096,
            "doParsingAndDesignResolution",
            "exit"
        ],
        [
            0.14618396759033203,
            0.040911000000000003,
            0.021951999999999999,
            226820,
            227468,
            1592469763.298718,
            35809096084132110,
            "doPostDesignResolutionToVir2Vcs",
            "entry"
        ],
        [
            0.14824008941650391,
            0.041946999999999998,
            0.022970999999999998,
            228000,
            228004,
            1592469763.3007741,
            35809096090505826,
            "doUptoVir2VcsNoSepCleanup",
            "entry"
        ],
        [
            0.18060088157653809,
            0.049791000000000002,
            0.030265,
            229612,
            241968,
            1592469763.3331349,
            35809096190862834,
            "doUptoVir2VcsNoSepCleanup",
            "exit"
        ],
        [
            0.18067097663879395,
            0.049834000000000003,
            0.030290999999999998,
            229612,
            241968,
            1592469763.333205,
            35809096191025596,
            "doRadify_vir2vcsAll",
            "entry"
        ],
        [
            0.18261289596557617,
            0.051776000000000003,
            0.030290999999999998,
            229804,
            241968,
            1592469763.3351469,
            35809096197098870,
            "doRadify_vir2vcsAll",
            "exit"
        ],
        [
            0.18265700340270996,
            0.051809000000000001,
            0.030303,
            229804,
            241968,
            1592469763.335191,
            35809096197177040,
            "doPostDesignResolutionToVir2Vcs",
            "exit"
        ],
        [
            0.18267989158630371,
            0.051824000000000002,
            0.030311999999999999,
            229804,
            241968,
            1592469763.3352139,
            35809096197245806,
            "doGAToPass2",
            "entry"
        ],
        [
            0.20760488510131836,
            0.053001,
            0.030426000000000002,
            228248,
            241968,
            1592469763.3601389,
            35809096274568282,
            "DoPass2",
            "entry"
        ],
        [
            0.22927999496459961,
            0.069157999999999997,
            0.033569000000000002,
            234008,
            241968,
            1592469763.381814,
            35809096341725506,
            "DoPass2",
            "exit"
        ]
    ],
    "PEModules": [],
    "CompileProcesses": [
        "cgproc.25538.json"
    ],
    "MlibObjs": {},
    "rlimit": {
        "data": -1,
        "stack": -1
    },
    "CompileStrategy": "fullobj",
    "PrevCompiledModules": {
        "eMMC_Socket_tb": {
            "Trif0_d": {
                "bytes": 29304,
                "mod": "eMMC_Socket_tb",
                "archive": "archive.42/_25538_archive_1.a",
                "mode": 4,
                "out": "Trif0_d.o",
                "checksum": 0
            }
        },
        "...MASTER...": {
            "amcQw_d": {
                "bytes": 7494,
                "mod": "...MASTER...",
                "out": "objs/amcQw_d.o",
                "mode": 4,
                "checksum": 0
            }
        }
    },
    "CurCompileUdps": {},
    "cpu_cycles_pass2_start": 35809096274584516,
    "Misc": {
        "master_pid": 25538,
        "csrc": "csrc",
        "VCS_HOME": "/root/synopsys/vcs-mx/N-2017.12-SP2",
        "default_output_dir": "csrc",
        "cwd": "/home/stu02/project/eMMC",
        "archive_dir": "archive.42",
        "csrc_abs": "/home/stu02/project/eMMC/csrc",
        "daidir_abs": "/home/stu02/project/eMMC/simv.daidir",
        "daidir": "simv.daidir"
    },
    "NameTable": {
        "eMMC_Socket_tb": [
            "eMMC_Socket_tb",
            "Trif0",
            "module",
            4
        ],
        "...MASTER...": [
            "SIM",
            "amcQw",
            "module",
            2
        ]
    },
    "stat": {
        "ru_self_cgstart": {
            "ru_minflt": 23561,
            "ru_utime_sec": 0.053041999999999999,
            "ru_stime_sec": 0.030450000000000001,
            "ru_majflt": 0,
            "ru_maxrss_kb": 70172,
            "ru_nvcsw": 31,
            "ru_nivcsw": 7
        },
        "ru_self_end": {
            "ru_minflt": 26181,
            "ru_utime_sec": 0.070878999999999998,
            "ru_stime_sec": 0.034455,
            "ru_majflt": 0,
            "ru_maxrss_kb": 76784,
            "ru_nvcsw": 32,
            "ru_nivcsw": 9
        },
        "CodeGen(%)": 25.165422762736494,
        "nQuads": 1264,
        "ru_childs_cgstart": {
            "ru_minflt": 10503,
            "ru_utime_sec": 0.017767999999999999,
            "ru_stime_sec": 0.022742999999999999,
            "ru_majflt": 0,
            "ru_maxrss_kb": 22788,
            "ru_nvcsw": 27,
            "ru_nivcsw": 22
        },
        "cpu_cycles_cgstart": 35809096274668294,
        "totalObjSize": 132018,
        "mop/quad": 3.2088607594936707,
        "nMops": 4056,
        "cpu_cycles_end": 35809096349733708,
        "ru_childs_end": {
            "ru_minflt": 11088,
            "ru_utime_sec": 0.018168,
            "ru_stime_sec": 0.024676,
            "ru_majflt": 0,
            "ru_maxrss_kb": 23164,
            "ru_nvcsw": 28,
            "ru_nivcsw": 24
        },
        "Frontend(%)": 74.834577237263503,
        "cpu_cycles_total": 663475196,
        "mopSpeed": 227392.49873857712,
        "quadSpeed": 70863.934518136462,
        "outputSizePerQuad": 104.44462025316456,
        "peak_mem_kb": 241968
    },
    "LVLData": [
        "SIM"
    ],
    "SIMBData": {
        "archive": "archive.42/_25538_archive_1.a",
        "out": "amcQwB.o",
        "bytes": 102714
    },
    "CurCompileModules": [
        "...MASTER...",
        "eMMC_Socket_tb",
        "eMMC_Socket_tb"
    ]
}