{
    "LVLData": [
        "SIM"
    ],
    "CompileStatus": "Successful",
    "cycles_program_begin": 36440272989390912,
    "NameTable": {
        "eMMC_Socket_tb": [
            "eMMC_Socket_tb",
            "Trif0",
            "module",
            4
        ],
        "...MASTER...": [
            "SIM",
            "amcQw",
            "module",
            2
        ]
    },
    "perf": [
        [
            0.16157293319702148,
            0.037385000000000002,
            0.020326,
            226012,
            226812,
            1592673376.3731999,
            36440273434376590,
            "doParsingAndDesignResolution",
            "entry"
        ],
        [
            0.16671204566955566,
            0.039531999999999998,
            0.023313,
            226820,
            227468,
            1592673376.3783391,
            36440273450273422,
            "doParsingAndDesignResolution",
            "exit"
        ],
        [
            0.16686701774597168,
            0.039628999999999998,
            0.023370999999999999,
            226820,
            227468,
            1592673376.378494,
            36440273450732366,
            "doPostDesignResolutionToVir2Vcs",
            "entry"
        ],
        [
            0.16895008087158203,
            0.041618000000000002,
            0.023465,
            228000,
            228004,
            1592673376.3805771,
            36440273457194800,
            "doUptoVir2VcsNoSepCleanup",
            "entry"
        ],
        [
            0.19935202598571777,
            0.047592000000000002,
            0.032051999999999997,
            229612,
            241968,
            1592673376.410979,
            36440273551449790,
            "doUptoVir2VcsNoSepCleanup",
            "exit"
        ],
        [
            0.19940805435180664,
            0.047626000000000002,
            0.032074999999999999,
            229612,
            241968,
            1592673376.4110351,
            36440273551614268,
            "doRadify_vir2vcsAll",
            "entry"
        ],
        [
            0.20133399963378906,
            0.048586999999999998,
            0.033038999999999999,
            229804,
            241968,
            1592673376.412961,
            36440273557591848,
            "doRadify_vir2vcsAll",
            "exit"
        ],
        [
            0.20136809349060059,
            0.048607999999999998,
            0.033052999999999999,
            229804,
            241968,
            1592673376.4129951,
            36440273557668014,
            "doPostDesignResolutionToVir2Vcs",
            "exit"
        ],
        [
            0.20139098167419434,
            0.048621999999999999,
            0.033063000000000002,
            229804,
            241968,
            1592673376.413018,
            36440273557738638,
            "doGAToPass2",
            "entry"
        ],
        [
            0.22517704963684082,
            0.049352,
            0.033558999999999999,
            228248,
            241968,
            1592673376.4368041,
            36440273631502362,
            "DoPass2",
            "entry"
        ],
        [
            0.24565291404724121,
            0.064781000000000005,
            0.036333999999999998,
            234004,
            241968,
            1592673376.4572799,
            36440273694968372,
            "DoPass2",
            "exit"
        ]
    ],
    "CurCompileUdps": {},
    "CompileProcesses": [
        "cgproc.4453.json"
    ],
    "PrevCompiledModules": {
        "eMMC_Socket_tb": {
            "Trif0_d": {
                "bytes": 29304,
                "mod": "eMMC_Socket_tb",
                "archive": "archive.44/_4453_archive_1.a",
                "out": "Trif0_d.o",
                "mode": 4,
                "checksum": 0
            }
        },
        "...MASTER...": {
            "amcQw_d": {
                "bytes": 7494,
                "mod": "...MASTER...",
                "mode": 4,
                "checksum": 0,
                "out": "objs/amcQw_d.o"
            }
        }
    },
    "MlibObjs": {},
    "Misc": {
        "master_pid": 4453,
        "daidir_abs": "/home/stu02/project/eMMC/simv.daidir",
        "VCS_HOME": "/root/synopsys/vcs-mx/N-2017.12-SP2",
        "cwd": "/home/stu02/project/eMMC",
        "default_output_dir": "csrc",
        "csrc": "csrc",
        "csrc_abs": "/home/stu02/project/eMMC/csrc",
        "daidir": "simv.daidir",
        "archive_dir": "archive.44"
    },
    "CompileStrategy": "fullobj",
    "SIMBData": {
        "archive": "archive.44/_4453_archive_1.a",
        "out": "amcQwB.o",
        "bytes": 102714
    },
    "cpu_cycles_pass2_start": 36440273631514014,
    "stat": {
        "ru_self_cgstart": {
            "ru_nvcsw": 31,
            "ru_stime_sec": 0.033558999999999999,
            "ru_utime_sec": 0.049415000000000001,
            "ru_maxrss_kb": 70176,
            "ru_nivcsw": 7,
            "ru_minflt": 23609,
            "ru_majflt": 0
        },
        "ru_childs_end": {
            "ru_nvcsw": 26,
            "ru_stime_sec": 0.020514000000000001,
            "ru_utime_sec": 0.020396000000000001,
            "ru_maxrss_kb": 23164,
            "ru_nivcsw": 25,
            "ru_minflt": 11088,
            "ru_majflt": 0
        },
        "ru_childs_cgstart": {
            "ru_nvcsw": 25,
            "ru_stime_sec": 0.019382,
            "ru_utime_sec": 0.019262999999999999,
            "ru_maxrss_kb": 22788,
            "ru_nivcsw": 23,
            "ru_minflt": 10503,
            "ru_majflt": 0
        },
        "cpu_cycles_cgstart": 36440273631622986,
        "totalObjSize": 132018,
        "nQuads": 1264,
        "nMops": 4056,
        "ru_self_end": {
            "ru_nvcsw": 32,
            "ru_stime_sec": 0.037272,
            "ru_utime_sec": 0.066697999999999993,
            "ru_maxrss_kb": 76760,
            "ru_nivcsw": 9,
            "ru_minflt": 26220,
            "ru_majflt": 0
        },
        "cpu_cycles_total": 714371822,
        "quadSpeed": 73135.451021234767,
        "cpu_cycles_end": 36440273703762734,
        "CodeGen(%)": 25.912321209031745,
        "outputSizePerQuad": 104.44462025316456,
        "mopSpeed": 234681.47890991156,
        "mop/quad": 3.2088607594936707,
        "Frontend(%)": 74.087678790968255,
        "peak_mem_kb": 241968
    },
    "CurCompileModules": [
        "...MASTER...",
        "eMMC_Socket_tb",
        "eMMC_Socket_tb"
    ],
    "PEModules": [],
    "rlimit": {
        "data": -1,
        "stack": -1
    }
}