{
    "Modules": {
        "...MASTER...": {
            "start_perf": [
                0.2253870964050293,
                0.046582999999999999,
                0.036795000000000001,
                228248,
                241968,
                1592384859.7149341,
                35545904636274894
            ],
            "child_modules": {
                "eMMC_Socket_tb": 1
            },
            "nQuads": 0,
            "end_perf": [
                0.22978806495666504,
                0.047169999999999997,
                0.038325999999999999,
                229732,
                241968,
                35545904649936614
            ],
            "nMops": 0
        },
        "eMMC_Socket_tb": {
            "start_perf": [
                0.22985100746154785,
                0.047204999999999997,
                0.038353999999999999,
                229732,
                241968,
                1592384859.719398,
                35545904650107580
            ],
            "child_modules": {},
            "Compiled": "Yes",
            "Compiled Times": 29,
            "nQuads": 1264,
            "end_perf": [
                0.24487900733947754,
                0.062123999999999999,
                0.038456999999999998,
                234392,
                241968,
                35545904696733222
            ],
            "nMops": 4056
        }
    },
    "CompUnits": {
        "Trif0_d": {
            "archive": "archive.41/_7511_archive_1.a",
            "mod": "eMMC_Socket_tb",
            "mode": 4,
            "out": "Trif0_d.o",
            "checksum": 0,
            "bytes": 29304
        }
    },
    "ObjArchives": [
        {
            "size": 132018,
            "archive": "archive.41/_7511_archive_1.a",
            "objects": [
                [
                    "Trif0_d.o",
                    29304
                ],
                [
                    "amcQwB.o",
                    102714
                ]
            ]
        }
    ],
    "reusePaths": {
        "amcQw_d": {
            "icPath": "csrc"
        }
    },
    "stat": {
        "peak_mem_kb": 241968,
        "ru_self_end": {
            "ru_nivcsw": 9,
            "ru_utime_sec": 0.064048999999999995,
            "ru_minflt": 25974,
            "ru_maxrss_kb": 76756,
            "ru_stime_sec": 0.040399999999999998,
            "ru_majflt": 0,
            "ru_nvcsw": 31
        },
        "ru_childs_end": {
            "ru_nivcsw": 24,
            "ru_utime_sec": 0.015056999999999999,
            "ru_minflt": 11088,
            "ru_maxrss_kb": 23164,
            "ru_stime_sec": 0.025526,
            "ru_majflt": 0,
            "ru_nvcsw": 26
        },
        "cpu_cycles_end": 35545904708647578
    }
}