{
    "Modules": {
        "...MASTER...": {
            "nQuads": 0,
            "start_perf": [
                0.19003510475158691,
                0.049096000000000001,
                0.032063000000000001,
                228240,
                241992,
                1592323213.729212,
                35354809097668472
            ],
            "child_modules": {
                "eMMC_Socket_tb": 1
            },
            "end_perf": [
                0.19436001777648926,
                0.049766999999999999,
                0.033515999999999997,
                229724,
                241992,
                35354809111095700
            ],
            "nMops": 0
        },
        "eMMC_Socket_tb": {
            "nQuads": 577,
            "Compiled": "Yes",
            "start_perf": [
                0.19442605972290039,
                0.049806000000000003,
                0.033543000000000003,
                229724,
                241992,
                1592323213.733603,
                35354809111278374
            ],
            "child_modules": {},
            "end_perf": [
                0.20678305625915527,
                0.061450999999999999,
                0.034250999999999997,
                234116,
                241992,
                35354809149613920
            ],
            "Compiled Times": 12,
            "nMops": 1789
        }
    },
    "CompUnits": {
        "Trif0_d": {
            "bytes": 25364,
            "mod": "eMMC_Socket_tb",
            "checksum": 0,
            "out": "Trif0_d.o",
            "mode": 4,
            "archive": "archive.24/_24933_archive_1.a"
        }
    },
    "reusePaths": {
        "amcQw_d": {
            "icPath": "csrc"
        }
    },
    "ObjArchives": [
        {
            "archive": "archive.24/_24933_archive_1.a",
            "objects": [
                [
                    "Trif0_d.o",
                    25364
                ],
                [
                    "amcQwB.o",
                    102624
                ]
            ],
            "size": 127988
        }
    ],
    "stat": {
        "ru_self_end": {
            "ru_majflt": 0,
            "ru_utime_sec": 0.063977999999999993,
            "ru_nivcsw": 8,
            "ru_stime_sec": 0.035542999999999998,
            "ru_nvcsw": 31,
            "ru_minflt": 26008,
            "ru_maxrss_kb": 76544
        },
        "ru_childs_end": {
            "ru_majflt": 0,
            "ru_utime_sec": 0.021734,
            "ru_nivcsw": 24,
            "ru_stime_sec": 0.019595999999999999,
            "ru_nvcsw": 27,
            "ru_minflt": 11088,
            "ru_maxrss_kb": 23088
        },
        "cpu_cycles_end": 35354809161371492,
        "peak_mem_kb": 241992
    }
}