{
    "Modules": {
        "test": {
            "end_perf": [
                0.49716806411743164,
                0.356464,
                0.045058000000000001,
                238880,
                244444,
                20271435953463742
            ],
            "start_perf": [
                0.49010300636291504,
                0.34940199999999999,
                0.045051000000000001,
                236924,
                244444,
                1587457431.9591689,
                20271435931540306
            ],
            "Compiled": "Yes",
            "child_modules": {
                "s25fl256s": 1
            },
            "nQuads": 416,
            "Compiled Times": 28,
            "nMops": 932
        },
        "...MASTER...": {
            "end_perf": [
                0.39528298377990723,
                0.25855499999999998,
                0.041088,
                233320,
                244444,
                20271435637604720
            ],
            "start_perf": [
                0.39065408706665039,
                0.25839200000000001,
                0.039059000000000003,
                231900,
                244444,
                1587457431.85972,
                20271435623233264
            ],
            "child_modules": {
                "std": 1,
                "test": 1
            },
            "nQuads": 0,
            "nMops": 0
        },
        "std": {
            "end_perf": [
                0.39804506301879883,
                0.26130700000000001,
                0.041097000000000002,
                233332,
                244444,
                20271435646166208
            ],
            "start_perf": [
                0.39535212516784668,
                0.25861499999999998,
                0.041097000000000002,
                233320,
                244444,
                1587457431.864418,
                20271435637795862
            ],
            "Compiled": "Yes",
            "child_modules": {},
            "nQuads": 218,
            "Compiled Times": 7,
            "nMops": 472
        },
        "s25fl256s": {
            "end_perf": [
                0.49004411697387695,
                0.34935300000000002,
                0.045045000000000002,
                236924,
                244444,
                20271435931391850
            ],
            "start_perf": [
                0.39808201789855957,
                0.26134499999999999,
                0.041097000000000002,
                233332,
                244444,
                1587457431.8671479,
                20271435646281222
            ],
            "Compiled": "Yes",
            "child_modules": {},
            "nQuads": 21469,
            "Compiled Times": 28,
            "nMops": 64397
        }
    },
    "ObjArchives": [
        {
            "archive": "archive.27/_6084_archive_1.a",
            "objects": [
                [
                    "x9Hvb_d.o",
                    24698
                ],
                [
                    "amcQwB.o",
                    122372
                ]
            ],
            "size": 147070
        }
    ],
    "CompUnits": {
        "x9Hvb_d": {
            "mode": 4,
            "mod": "test",
            "archive": "archive.27/_6084_archive_1.a",
            "out": "x9Hvb_d.o",
            "bytes": 24698,
            "checksum": 0
        }
    },
    "reusePaths": {
        "reYIK_d": {
            "icPath": "csrc"
        },
        "amcQw_d": {
            "icPath": "csrc"
        },
        "KgV6t_d": {
            "icPath": "csrc"
        }
    },
    "stat": {
        "ru_self_end": {
            "ru_majflt": 0,
            "ru_utime_sec": 0.36014200000000002,
            "ru_stime_sec": 0.046085000000000001,
            "ru_maxrss_kb": 86948,
            "ru_minflt": 29050,
            "ru_nivcsw": 11,
            "ru_nvcsw": 25
        },
        "ru_childs_end": {
            "ru_majflt": 0,
            "ru_utime_sec": 0.0094629999999999992,
            "ru_stime_sec": 0.016084000000000001,
            "ru_maxrss_kb": 27424,
            "ru_minflt": 6867,
            "ru_nivcsw": 8,
            "ru_nvcsw": 18
        },
        "peak_mem_kb": 244444,
        "cpu_cycles_end": 20271435967960928
    }
}